c12_CP		00:04:11.336	251.336	00:05:43.688	343.688	00:01:32.352	92.352	CHO
c12_CP		00:05:44.086	344.086	00:05:49.592	349.592	00:00:05.506	5.506	CST
c12_CP		00:05:49.869	349.869	00:06:22.516	382.516	00:00:32.647	32.647	CSI
c12_CP		00:06:23.067	383.067	00:09:04.257	544.257	00:02:41.190	161.19	CST
c12_CP		00:09:04.257	544.257	00:09:06.673	546.673	00:00:02.416	2.416	CHO
c12_CP		00:09:06.674	546.674	00:09:25.607	565.607	00:00:18.933	18.933	CST
c12_CP		00:09:26.012	566.012	00:17:25.597	1045.597	00:07:59.585	479.585	CSI
c12_CP		00:17:26.233	1046.233	00:18:47.688	1127.688	00:01:21.455	81.455	CST
c12_CP		00:18:47.688	1127.688	00:19:13.688	1153.688	00:00:26.000	26.0	CHO
c12_CP		00:19:13.688	1153.688	00:20:32.488	1232.488	00:01:18.800	78.8	CST
c12_CI		00:04:20.288	260.288	00:04:21.688	261.688	00:00:01.400	1.4	T_P
c12_CI		00:04:26.178	266.178	00:04:27.920	267.92	00:00:01.742	1.742	T_P
c12_CI		00:04:29.850	269.85	00:04:30.499	270.499	00:00:00.649	0.649	T_V
c12_CI		00:04:35.336	275.336	00:04:38.472	278.472	00:00:03.136	3.136	T
c12_CI		00:04:46.676	286.676	00:04:47.021	287.021	00:00:00.345	0.345	T_V
c12_CI		00:04:48.898	288.898	00:04:49.244	289.244	00:00:00.346	0.346	T_V
c12_CI		00:05:06.849	306.849	00:05:18.623	318.623	00:00:11.774	11.774	T_V
c12_CI		00:05:21.999	321.999	00:05:44.951	344.951	00:00:22.952	22.952	T_V
c12_CI		00:05:49.004	349.004	00:05:55.635	355.635	00:00:06.631	6.631	T_V
c12_CI		00:06:01.056	361.056	00:06:02.635	362.635	00:00:01.579	1.579	T_P
c12_CI		00:06:34.310	394.31	00:06:34.810	394.81	00:00:00.500	0.5	T_V
c12_CI		00:06:40.443	400.443	00:07:57.530	477.53	00:01:17.087	77.087	T_V
c12_CI		00:08:02.010	482.01	00:08:04.007	484.007	00:00:01.997	1.997	T_V
c12_CI		00:08:13.810	493.81	00:08:25.088	505.088	00:00:11.278	11.278	T_V
c12_CI		00:08:26.634	506.634	00:08:37.955	517.955	00:00:11.321	11.321	T
c12_CI		00:09:10.232	550.232	00:09:11.099	551.099	00:00:00.867	0.867	T_V
c12_CI		00:09:38.743	578.743	00:09:42.677	582.677	00:00:03.934	3.934	T_V
c12_CI		00:09:54.354	594.354	00:09:54.687	594.687	00:00:00.333	0.333	T_V
c12_CI		00:09:59.021	599.021	00:09:59.854	599.854	00:00:00.833	0.833	T_V
c12_CI		00:10:31.132	631.132	00:10:31.465	631.465	00:00:00.333	0.333	T_V
c12_CI		00:10:36.621	636.621	00:10:40.821	640.821	00:00:04.200	4.2	T_P
c12_CI		00:10:57.905	657.905	00:11:03.188	663.188	00:00:05.283	5.283	T_P
c12_CI		00:11:07.938	667.938	00:11:32.234	692.234	00:00:24.296	24.296	T
c12_CI		00:12:10.155	730.155	00:12:10.765	730.765	00:00:00.610	0.61	T_V
c12_CI		00:12:18.534	738.534	00:12:24.764	744.764	00:00:06.230	6.23	T_P
c12_CI		00:12:39.821	759.821	00:12:43.494	763.494	00:00:03.673	3.673	T
c12_CI		00:12:54.999	774.999	00:12:56.510	776.51	00:00:01.511	1.511	T_V
c12_CI		00:12:59.599	779.599	00:13:00.744	780.744	00:00:01.145	1.145	T_V
c12_CI		00:13:06.870	786.87	00:13:12.461	792.461	00:00:05.591	5.591	T_P
c12_CI		00:13:18.771	798.771	00:13:39.438	819.438	00:00:20.667	20.667	T
c12_CI		00:13:46.793	826.793	00:13:52.162	832.162	00:00:05.369	5.369	T
c12_CI		00:14:00.565	840.565	00:14:01.765	841.765	00:00:01.200	1.2	T
c12_CI		00:14:06.454	846.454	00:14:06.777	846.777	00:00:00.323	0.323	T_V
c12_CI		00:14:09.378	849.378	00:14:11.534	851.534	00:00:02.156	2.156	T_P
c12_CI		00:15:05.670	905.67	00:15:11.818	911.818	00:00:06.148	6.148	T
c12_CI		00:15:23.821	923.821	00:15:24.287	924.287	00:00:00.466	0.466	T_V
c12_CI		00:15:31.744	931.744	00:15:45.688	945.688	00:00:13.944	13.944	T
c12_CI		00:15:46.599	946.599	00:15:54.661	954.661	00:00:08.062	8.062	T
c12_CI		00:16:31.677	991.677	00:16:39.063	999.063	00:00:07.386	7.386	T
c12_CI		00:16:43.806	1003.806	00:16:50.063	1010.063	00:00:06.257	6.257	T
c12_CI		00:16:57.232	1017.232	00:16:58.077	1018.077	00:00:00.845	0.845	T_V
c12_CI		00:17:20.533	1040.533	00:17:21.721	1041.721	00:00:01.188	1.188	T_V
c12_CI		00:17:40.010	1060.01	00:17:40.532	1060.532	00:00:00.522	0.522	T_V
c12_CI		00:17:48.114	1068.114	00:17:56.147	1076.147	00:00:08.033	8.033	T
c12_CI		00:18:01.555	1081.555	00:18:16.488	1096.488	00:00:14.933	14.933	T_V
c12_CI		00:18:20.021	1100.021	00:18:31.955	1111.955	00:00:11.934	11.934	T
c12_CI		00:18:42.821	1122.821	00:19:33.221	1173.221	00:00:50.400	50.4	T
c12_CI		00:19:43.954	1183.954	00:19:48.076	1188.076	00:00:04.122	4.122	T_P
c12_CI		00:19:48.076	1188.076	00:19:48.621	1188.621	00:00:00.545	0.545	T_V
c12_JA		00:09:04.634	544.634	00:09:05.283	545.283	00:00:00.649	0.649	T1
c12_JA		00:12:10.155	730.155	00:12:10.765	730.765	00:00:00.610	0.61	T1
c12_JA		00:16:35.139	995.139	00:16:36.531	996.531	00:00:01.392	1.392	T1
c12_JA		00:19:54.743	1194.743	00:19:55.929	1195.929	00:00:01.186	1.186	T1
t1_TP		00:04:11.336	251.336	00:18:38.955	1118.955	00:14:27.619	867.619	TSI
t1_TP		00:18:39.153	1119.153	00:20:33.188	1233.188	00:01:54.035	114.035	TST
t1_TI		00:04:11.336	251.336	00:10:06.188	606.188	00:05:54.852	354.852	C
t1_TI		00:10:26.934	626.934	00:10:42.688	642.688	00:00:15.754	15.754	C
t1_TI		00:11:03.155	663.155	00:12:12.938	732.938	00:01:09.783	69.783	C
t1_TI		00:12:25.465	745.465	00:13:11.313	791.313	00:00:45.848	45.848	C
t1_TI		00:13:18.409	798.409	00:14:11.056	851.056	00:00:52.647	52.647	C
t1_TI		00:14:29.988	869.988	00:15:37.488	937.488	00:01:07.500	67.5	C
t1_TI		00:15:44.921	944.921	00:19:26.955	1166.955	00:03:42.034	222.034	C
t1_TI		00:19:33.421	1173.421	00:20:05.088	1205.088	00:00:31.667	31.667	C
t1_TI		00:20:29.088	1229.088	00:20:31.049	1231.049	00:00:01.961	1.961	C
t1_CRE		00:04:11.336	251.336	00:05:42.931	342.931	00:01:31.595	91.595	TC
t1_CRE		00:05:50.039	350.039	00:08:51.418	531.418	00:03:01.379	181.379	TC
t1_CRE		00:08:51.418	531.418	00:09:01.796	541.796	00:00:10.378	10.378	T
t1_CRE		00:09:24.742	564.742	00:09:28.229	568.229	00:00:03.487	3.487	T
t1_CRE		00:09:28.229	568.229	00:09:36.580	576.58	00:00:08.351	8.351	TC
t1_CRE		00:10:08.500	608.5	00:10:26.934	626.934	00:00:18.434	18.434	T
t1_CRE		00:10:26.934	626.934	00:10:42.688	642.688	00:00:15.754	15.754	TC
t1_CRE		00:11:03.152	663.152	00:12:12.938	732.938	00:01:09.786	69.786	TC
t1_CRE		00:12:25.465	745.465	00:13:11.313	791.313	00:00:45.848	45.848	TC
t1_CRE		00:13:18.409	798.409	00:14:11.021	851.021	00:00:52.612	52.612	TC
t1_CRE		00:14:20.188	860.188	00:14:58.585	898.585	00:00:38.397	38.397	TC
t1_CRE		00:14:58.788	898.788	00:15:12.274	912.274	00:00:13.486	13.486	PL
t1_CRE		00:15:12.274	912.274	00:15:30.481	930.481	00:00:18.207	18.207	TC
t1_CRE		00:15:37.998	937.998	00:15:48.067	948.067	00:00:10.069	10.069	T
t1_CRE		00:15:48.067	948.067	00:15:53.171	953.171	00:00:05.104	5.104	PL
t1_CRE		00:15:53.171	953.171	00:16:42.080	1002.08	00:00:48.909	48.909	TC
t1_CRE		00:16:42.080	1002.08	00:16:49.345	1009.345	00:00:07.265	7.265	PL
t1_CRE		00:16:49.345	1009.345	00:18:18.540	1098.54	00:01:29.195	89.195	TC
c12_CV		00:04:18.985	258.985	00:04:20.066	260.066	00:00:01.081	1.081	CNS
c12_CV		00:04:23.606	263.606	00:04:24.201	264.201	00:00:00.595	0.595	CS
c12_CV		00:04:29.850	269.85	00:04:30.499	270.499	00:00:00.649	0.649	CS
c12_CV		00:04:35.336	275.336	00:04:38.472	278.472	00:00:03.136	3.136	CS
c12_CV		00:04:39.832	279.832	00:04:41.532	281.532	00:00:01.700	1.7	CS
c12_CV		00:04:41.721	281.721	00:04:42.210	282.21	00:00:00.489	0.489	CNS
c12_CV		00:04:46.676	286.676	00:04:47.021	287.021	00:00:00.345	0.345	CNS
c12_CV		00:04:48.898	288.898	00:04:49.244	289.244	00:00:00.346	0.346	CNS
c12_CV		00:04:56.620	296.62	00:04:57.376	297.376	00:00:00.756	0.756	CNS
c12_CV		00:05:00.810	300.81	00:05:02.921	302.921	00:00:02.111	2.111	CNS
c12_CV		00:05:06.855	306.855	00:05:09.499	309.499	00:00:02.644	2.644	CS
c12_CV		00:05:10.810	310.81	00:05:13.987	313.987	00:00:03.177	3.177	CS
c12_CV		00:05:15.766	315.766	00:05:16.144	316.144	00:00:00.378	0.378	CS
c12_CV		00:05:18.087	318.087	00:05:18.620	318.62	00:00:00.533	0.533	CS
c12_CV		00:05:21.999	321.999	00:05:23.332	323.332	00:00:01.333	1.333	CS
c12_CV		00:05:25.966	325.966	00:05:27.655	327.655	00:00:01.689	1.689	CS
c12_CV		00:05:30.910	330.91	00:05:31.376	331.376	00:00:00.466	0.466	CNS
c12_CV		00:05:33.565	333.565	00:05:34.388	334.388	00:00:00.823	0.823	CS
c12_CV		00:05:35.954	335.954	00:05:41.454	341.454	00:00:05.500	5.5	CS
c12_CV		00:05:42.910	342.91	00:05:44.932	344.932	00:00:02.022	2.022	CS
c12_CV		00:05:49.021	349.021	00:05:55.610	355.61	00:00:06.589	6.589	CS
c12_CV		00:06:04.766	364.766	00:06:05.388	365.388	00:00:00.622	0.622	CNS
c12_CV		00:06:24.432	384.432	00:06:25.110	385.11	00:00:00.678	0.678	CS
c12_CV		00:06:34.310	394.31	00:06:34.810	394.81	00:00:00.500	0.5	CNS
c12_CV		00:06:35.915	395.915	00:06:36.237	396.237	00:00:00.322	0.322	CNS
c12_CV		00:06:38.820	398.82	00:06:38.965	398.965	00:00:00.145	0.145	CNS
c12_CV		00:06:40.443	400.443	00:06:42.343	402.343	00:00:01.900	1.9	CS
c12_CV		00:06:43.254	403.254	00:06:43.877	403.877	00:00:00.623	0.623	CS
c12_CV		00:06:45.255	405.255	00:06:45.577	405.577	00:00:00.322	0.322	CS
c12_CV		00:06:47.414	407.414	00:06:47.781	407.781	00:00:00.367	0.367	CNS
c12_CV		00:06:48.998	408.998	00:06:54.121	414.121	00:00:05.123	5.123	CS
c12_CV		00:06:54.921	414.921	00:06:57.343	417.343	00:00:02.422	2.422	CS
c12_CV		00:06:59.477	419.477	00:07:00.121	420.121	00:00:00.644	0.644	CS
c12_CV		00:07:01.732	421.732	00:07:05.232	425.232	00:00:03.500	3.5	CS
c12_CV		00:07:08.921	428.921	00:07:12.643	432.643	00:00:03.722	3.722	CS
c12_CV		00:07:13.510	433.51	00:07:20.366	440.366	00:00:06.856	6.856	CS
c12_CV		00:07:23.054	443.054	00:07:23.198	443.198	00:00:00.144	0.144	CS
c12_CV		00:07:24.921	444.921	00:07:25.499	445.499	00:00:00.578	0.578	CS
c12_CV		00:07:26.177	446.177	00:07:27.032	447.032	00:00:00.855	0.855	CS
c12_CV		00:07:27.899	447.899	00:07:30.566	450.566	00:00:02.667	2.667	CS
c12_CV		00:07:33.966	453.966	00:07:36.810	456.81	00:00:02.844	2.844	CS
c12_CV		00:07:37.698	457.698	00:07:38.143	458.143	00:00:00.445	0.445	CS
c12_CV		00:07:43.287	463.287	00:07:49.287	469.287	00:00:06.000	6.0	CS
c12_CV		00:07:51.843	471.843	00:07:52.121	472.121	00:00:00.278	0.278	CS
c12_CV		00:07:53.610	473.61	00:07:57.521	477.521	00:00:03.911	3.911	CS
c12_CV		00:08:02.010	482.01	00:08:02.810	482.81	00:00:00.800	0.8	CNS
c12_CV		00:08:03.588	483.588	00:08:04.010	484.01	00:00:00.422	0.422	CNS
c12_CV		00:08:13.810	493.81	00:08:17.376	497.376	00:00:03.566	3.566	CS
c12_CV		00:08:17.866	497.866	00:08:20.188	500.188	00:00:02.322	2.322	CS
c12_CV		00:08:23.055	503.055	00:08:25.121	505.121	00:00:02.066	2.066	CS
c12_CV		00:08:27.421	507.421	00:08:28.710	508.71	00:00:01.289	1.289	CNS
c12_CV		00:08:29.721	509.721	00:08:30.143	510.143	00:00:00.422	0.422	CS
c12_CV		00:08:33.459	513.459	00:08:34.037	514.037	00:00:00.578	0.578	CS
c12_CV		00:08:36.932	516.932	00:08:37.976	517.976	00:00:01.044	1.044	CS
c12_CV		00:08:43.221	523.221	00:08:43.999	523.999	00:00:00.778	0.778	CNS
c12_CV		00:08:47.498	527.498	00:08:49.144	529.144	00:00:01.646	1.646	CS
c12_CV		00:09:04.510	544.51	00:09:04.843	544.843	00:00:00.333	0.333	CNS
c12_CV		00:09:10.232	550.232	00:09:11.099	551.099	00:00:00.867	0.867	CS
c12_CV		00:09:27.409	567.409	00:09:28.287	568.287	00:00:00.878	0.878	CS
c12_CV		00:09:38.743	578.743	00:09:42.677	582.677	00:00:03.934	3.934	CS
c12_CV		00:09:54.354	594.354	00:09:54.687	594.687	00:00:00.333	0.333	CS
c12_CV		00:09:59.021	599.021	00:09:59.854	599.854	00:00:00.833	0.833	CS
c12_CV		00:10:10.687	610.687	00:10:11.121	611.121	00:00:00.434	0.434	CNS
c12_CV		00:10:12.315	612.315	00:10:12.782	612.782	00:00:00.467	0.467	CS
c12_CV		00:10:17.832	617.832	00:10:18.210	618.21	00:00:00.378	0.378	CNS
c12_CV		00:10:20.055	620.055	00:10:20.532	620.532	00:00:00.477	0.477	CNS
c12_CV		00:10:22.409	622.409	00:10:22.877	622.877	00:00:00.468	0.468	CNS
c12_CV		00:10:25.743	625.743	00:10:26.054	626.054	00:00:00.311	0.311	CNS
c12_CV		00:10:31.132	631.132	00:10:31.465	631.465	00:00:00.333	0.333	CS
c12_CV		00:10:56.966	656.966	00:10:57.920	657.92	00:00:00.954	0.954	CS
c12_CV		00:11:10.388	670.388	00:11:10.566	670.566	00:00:00.178	0.178	CNS
c12_CV		00:11:17.232	677.232	00:11:17.966	677.966	00:00:00.734	0.734	CNS
c12_CV		00:11:34.255	694.255	00:11:35.232	695.232	00:00:00.977	0.977	CS
c12_CV		00:11:39.643	699.643	00:11:40.487	700.487	00:00:00.844	0.844	CNS
c12_CV		00:11:44.132	704.132	00:11:44.565	704.565	00:00:00.433	0.433	CS
c12_CV		00:11:52.643	712.643	00:11:53.276	713.276	00:00:00.633	0.633	CS
c12_CV		00:12:00.643	720.643	00:12:01.488	721.488	00:00:00.845	0.845	CNS
c12_CV		00:12:10.155	730.155	00:12:10.765	730.765	00:00:00.610	0.61	CS
c12_CV		00:12:17.632	737.632	00:12:18.599	738.599	00:00:00.967	0.967	CNS
c12_CV		00:12:31.865	751.865	00:12:33.309	753.309	00:00:01.444	1.444	CS
c12_CV		00:12:37.043	757.043	00:12:37.932	757.932	00:00:00.889	0.889	CNS
c12_CV		00:12:39.821	759.821	00:12:40.377	760.377	00:00:00.556	0.556	CS
c12_CV		00:12:42.366	762.366	00:12:42.999	762.999	00:00:00.633	0.633	CS
c12_CV		00:12:54.999	774.999	00:12:56.510	776.51	00:00:01.511	1.511	CS
c12_CV		00:12:59.599	779.599	00:13:00.744	780.744	00:00:01.145	1.145	CS
c12_CV		00:13:18.788	798.788	00:13:19.733	799.733	00:00:00.945	0.945	CS
c12_CV		00:13:21.065	801.065	00:13:23.487	803.487	00:00:02.422	2.422	CNS
c12_CV		00:13:25.377	805.377	00:13:25.766	805.766	00:00:00.389	0.389	CNS
c12_CV		00:13:25.766	805.766	00:13:27.499	807.499	00:00:01.733	1.733	CS
c12_CV		00:13:32.099	812.099	00:13:32.621	812.621	00:00:00.522	0.522	CS
c12_CV		00:13:33.166	813.166	00:13:33.610	813.61	00:00:00.444	0.444	CS
c12_CV		00:13:46.777	826.777	00:13:47.077	827.077	00:00:00.300	0.3	CNS
c12_CV		00:13:48.710	828.71	00:13:50.021	830.021	00:00:01.311	1.311	CS
c12_CV		00:13:56.832	836.832	00:13:57.566	837.566	00:00:00.734	0.734	CNS
c12_CV		00:14:00.565	840.565	00:14:01.765	841.765	00:00:01.200	1.2	CS
c12_CV		00:14:03.621	843.621	00:14:04.910	844.91	00:00:01.289	1.289	CNS
c12_CV		00:14:06.454	846.454	00:14:06.777	846.777	00:00:00.323	0.323	CNS
c12_CV		00:14:23.032	863.032	00:14:23.410	863.41	00:00:00.378	0.378	CNS
c12_CV		00:14:24.510	864.51	00:14:24.866	864.866	00:00:00.356	0.356	CNS
c12_CV		00:14:32.565	872.565	00:14:33.110	873.11	00:00:00.545	0.545	CNS
c12_CV		00:14:36.788	876.788	00:14:37.266	877.266	00:00:00.478	0.478	CS
c12_CV		00:14:42.687	882.687	00:14:43.954	883.954	00:00:01.267	1.267	CNS
c12_CV		00:14:55.910	895.91	00:14:58.755	898.755	00:00:02.845	2.845	CS
c12_CV		00:15:06.399	906.399	00:15:06.921	906.921	00:00:00.522	0.522	CS
c12_CV		00:15:11.065	911.065	00:15:11.821	911.821	00:00:00.756	0.756	CNS
c12_CV		00:15:23.821	923.821	00:15:24.287	924.287	00:00:00.466	0.466	CS
c12_CV		00:15:30.143	930.143	00:15:30.532	930.532	00:00:00.389	0.389	CNS
c12_CV		00:15:40.010	940.01	00:15:40.276	940.276	00:00:00.266	0.266	CS
c12_CV		00:15:46.599	946.599	00:15:48.021	948.021	00:00:01.422	1.422	CS
c12_CV		00:15:50.087	950.087	00:15:51.121	951.121	00:00:01.034	1.034	CS
c12_CV		00:16:18.777	978.777	00:16:19.221	979.221	00:00:00.444	0.444	CNS
c12_CV		00:16:20.766	980.766	00:16:21.921	981.921	00:00:01.155	1.155	CS
c12_CV		00:16:31.677	991.677	00:16:32.588	992.588	00:00:00.911	0.911	CNS
c12_CV		00:16:40.044	1000.044	00:16:41.810	1001.81	00:00:01.766	1.766	CNS
c12_CV		00:16:46.176	1006.176	00:16:46.832	1006.832	00:00:00.656	0.656	CS
c12_CV		00:16:47.654	1007.654	00:16:48.476	1008.476	00:00:00.822	0.822	CS
c12_CV		00:16:49.032	1009.032	00:16:49.810	1009.81	00:00:00.778	0.778	CS
c12_CV		00:16:51.932	1011.932	00:16:52.265	1012.265	00:00:00.333	0.333	CNS
c12_CV		00:16:53.543	1013.543	00:16:54.210	1014.21	00:00:00.667	0.667	CNS
c12_CV		00:16:57.232	1017.232	00:16:58.077	1018.077	00:00:00.845	0.845	CS
c12_CV		00:17:01.988	1021.988	00:17:02.543	1022.543	00:00:00.555	0.555	CS
c12_CV		00:17:04.832	1024.832	00:17:05.298	1025.298	00:00:00.466	0.466	CS
c12_CV		00:17:07.432	1027.432	00:17:07.832	1027.832	00:00:00.400	0.4	CS
c12_CV		00:17:15.477	1035.477	00:17:15.988	1035.988	00:00:00.511	0.511	CNS
c12_CV		00:17:19.899	1039.899	00:17:20.277	1040.277	00:00:00.378	0.378	CNS
c12_CV		00:17:20.533	1040.533	00:17:21.721	1041.721	00:00:01.188	1.188	CS
c12_CV		00:17:34.210	1054.21	00:17:34.599	1054.599	00:00:00.389	0.389	CS
c12_CV		00:17:40.010	1060.01	00:17:40.532	1060.532	00:00:00.522	0.522	CS
c12_CV		00:17:48.410	1068.41	00:17:48.965	1068.965	00:00:00.555	0.555	CS
c12_CV		00:17:51.888	1071.888	00:17:53.066	1073.066	00:00:01.178	1.178	CS
c12_CV		00:18:01.555	1081.555	00:18:05.776	1085.776	00:00:04.221	4.221	CS
c12_CV		00:18:09.055	1089.055	00:18:09.521	1089.521	00:00:00.466	0.466	CS
c12_CV		00:18:12.432	1092.432	00:18:13.654	1093.654	00:00:01.222	1.222	CS
c12_CV		00:18:15.499	1095.499	00:18:16.499	1096.499	00:00:01.000	1.0	CS
c12_CV		00:18:20.010	1100.01	00:18:21.599	1101.599	00:00:01.589	1.589	CS
c12_CV		00:18:21.876	1101.876	00:18:25.776	1105.776	00:00:03.900	3.9	CS
c12_CV		00:18:26.076	1106.076	00:18:26.676	1106.676	00:00:00.600	0.6	CNS
c12_CV		00:18:28.488	1108.488	00:18:29.166	1109.166	00:00:00.678	0.678	CS
c12_CV		00:18:29.888	1109.888	00:18:31.933	1111.933	00:00:02.045	2.045	CS
c12_CV		00:18:40.021	1120.021	00:18:42.121	1122.121	00:00:02.100	2.1	CS
c12_CV		00:18:44.421	1124.421	00:18:48.177	1128.177	00:00:03.756	3.756	CS
c12_CV		00:18:48.610	1128.61	00:18:50.410	1130.41	00:00:01.800	1.8	CS
c12_CV		00:18:50.777	1130.777	00:18:52.466	1132.466	00:00:01.689	1.689	CS
c12_CV		00:18:53.443	1133.443	00:18:54.954	1134.954	00:00:01.511	1.511	CS
c12_CV		00:18:56.577	1136.577	00:19:02.621	1142.621	00:00:06.044	6.044	CS
c12_CV		00:19:06.355	1146.355	00:19:08.221	1148.221	00:00:01.866	1.866	CS
c12_CV		00:19:08.621	1148.621	00:19:11.821	1151.821	00:00:03.200	3.2	CS
c12_CV		00:19:15.921	1155.921	00:19:16.966	1156.966	00:00:01.045	1.045	CS
c12_CV		00:19:20.021	1160.021	00:19:21.077	1161.077	00:00:01.056	1.056	CNS
c12_CV		00:19:22.699	1162.699	00:19:23.543	1163.543	00:00:00.844	0.844	CS
c12_CV		00:19:32.343	1172.343	00:19:33.210	1173.21	00:00:00.867	0.867	CNS
c12_CV		00:19:48.076	1188.076	00:19:48.621	1188.621	00:00:00.545	0.545	CNS
c12_CV		00:20:10.988	1210.988	00:20:11.676	1211.676	00:00:00.688	0.688	CNS
c12_CV		00:20:14.921	1214.921	00:20:15.476	1215.476	00:00:00.555	0.555	CNS
t1_TV		00:04:11.336	251.336	00:04:14.931	254.931	00:00:03.595	3.595	TS
t1_TV		00:04:16.688	256.688	00:04:17.364	257.364	00:00:00.676	0.676	TS
t1_TV		00:04:20.092	260.092	00:04:20.903	260.903	00:00:00.811	0.811	TS
t1_TV		00:04:21.687	261.687	00:04:22.471	262.471	00:00:00.784	0.784	TS
t1_TV		00:04:24.715	264.715	00:04:26.498	266.498	00:00:01.783	1.783	TS
t1_TV		00:04:27.552	267.552	00:04:28.011	268.011	00:00:00.459	0.459	TS
t1_TV		00:04:31.012	271.012	00:04:33.634	273.634	00:00:02.622	2.622	TS
t1_TV		00:04:37.958	277.958	00:04:38.321	278.321	00:00:00.363	0.363	TS
t1_TV		00:04:38.755	278.755	00:04:39.766	279.766	00:00:01.011	1.011	TS
t1_TV		00:04:42.177	282.177	00:04:44.599	284.599	00:00:02.422	2.422	TS
t1_TV		00:04:45.154	285.154	00:04:46.521	286.521	00:00:01.367	1.367	TS
t1_TV		00:04:47.421	287.421	00:04:48.465	288.465	00:00:01.044	1.044	TS
t1_TV		00:04:49.265	289.265	00:04:50.488	290.488	00:00:01.223	1.223	TNS
t1_TV		00:04:56.198	296.198	00:04:57.377	297.377	00:00:01.179	1.179	TS
t1_TV		00:04:59.532	299.532	00:05:00.388	300.388	00:00:00.856	0.856	TNS
t1_TV		00:05:00.810	300.81	00:05:02.921	302.921	00:00:02.111	2.111	TS
t1_TV		00:05:08.543	308.543	00:05:09.510	309.51	00:00:00.967	0.967	TNS
t1_TV		00:05:09.515	309.515	00:05:10.281	310.281	00:00:00.766	0.766	TS
t1_TV		00:05:11.077	311.077	00:05:11.354	311.354	00:00:00.277	0.277	TS
t1_TV		00:05:12.254	312.254	00:05:12.543	312.543	00:00:00.289	0.289	TS
t1_TV		00:05:14.687	314.687	00:05:18.410	318.41	00:00:03.723	3.723	TS
t1_TV		00:05:19.544	319.544	00:05:20.221	320.221	00:00:00.677	0.677	TNS
t1_TV		00:05:20.466	320.466	00:05:21.521	321.521	00:00:01.055	1.055	TS
t1_TV		00:05:28.066	328.066	00:05:30.098	330.098	00:00:02.032	2.032	TS
t1_TV		00:05:31.410	331.41	00:05:34.388	334.388	00:00:02.978	2.978	TS
t1_TV		00:05:34.877	334.877	00:05:35.877	335.877	00:00:01.000	1.0	TS
t1_TV		00:05:42.054	342.054	00:05:42.588	342.588	00:00:00.534	0.534	TS
t1_TV		00:05:44.910	344.91	00:05:47.099	347.099	00:00:02.189	2.189	TS
t1_TV		00:05:47.865	347.865	00:05:48.899	348.899	00:00:01.034	1.034	TS
t1_TV		00:05:55.755	355.755	00:06:02.144	362.144	00:00:06.389	6.389	TS
t1_TV		00:06:03.554	363.554	00:06:04.576	364.576	00:00:01.022	1.022	TS
t1_TV		00:06:06.198	366.198	00:06:06.476	366.476	00:00:00.278	0.278	TNS
t1_TV		00:06:10.810	370.81	00:06:11.087	371.087	00:00:00.277	0.277	TS
t1_TV		00:06:16.899	376.899	00:06:18.155	378.155	00:00:01.256	1.256	TS
t1_TV		00:06:25.937	385.937	00:06:28.871	388.871	00:00:02.934	2.934	TS
t1_TV		00:06:39.188	399.188	00:06:40.232	400.232	00:00:01.044	1.044	TS
t1_TV		00:06:46.487	406.487	00:06:47.410	407.41	00:00:00.923	0.923	TS
t1_TV		00:06:47.865	407.865	00:06:48.454	408.454	00:00:00.589	0.589	TNS
t1_TV		00:06:54.132	414.132	00:06:54.943	414.943	00:00:00.811	0.811	TNS
t1_TV		00:06:59.877	419.877	00:07:01.055	421.055	00:00:01.178	1.178	TS
t1_TV		00:07:05.521	425.521	00:07:05.843	425.843	00:00:00.322	0.322	TNS
t1_TV		00:07:06.232	426.232	00:07:08.588	428.588	00:00:02.356	2.356	TS
t1_TV		00:07:20.988	440.988	00:07:24.910	444.91	00:00:03.922	3.922	TS
t1_TV		00:07:25.588	445.588	00:07:25.810	445.81	00:00:00.222	0.222	TS
t1_TV		00:07:27.487	447.487	00:07:27.909	447.909	00:00:00.422	0.422	TS
t1_TV		00:07:30.965	450.965	00:07:32.365	452.365	00:00:01.400	1.4	TS
t1_TV		00:07:37.054	457.054	00:07:37.665	457.665	00:00:00.611	0.611	TS
t1_TV		00:07:42.376	462.376	00:07:42.987	462.987	00:00:00.611	0.611	TS
t1_TV		00:08:01.609	481.609	00:08:02.032	482.032	00:00:00.423	0.423	TNS
t1_TV		00:08:04.721	484.721	00:08:11.277	491.277	00:00:06.556	6.556	TS
t1_TV		00:08:12.948	492.948	00:08:13.303	493.303	00:00:00.355	0.355	TNS
t1_TV		00:08:15.721	495.721	00:08:16.277	496.277	00:00:00.556	0.556	TS
t1_TV		00:08:17.499	497.499	00:08:17.832	497.832	00:00:00.333	0.333	TS
t1_TV		00:08:19.443	499.443	00:08:24.588	504.588	00:00:05.145	5.145	TS
t1_TV		00:08:25.466	505.466	00:08:27.099	507.099	00:00:01.633	1.633	TS
t1_TV		00:08:28.365	508.365	00:08:29.421	509.421	00:00:01.056	1.056	TNS
t1_TV		00:08:29.765	509.765	00:08:31.310	511.31	00:00:01.545	1.545	TS
t1_TV		00:08:31.654	511.654	00:08:32.187	512.187	00:00:00.533	0.533	TS
t1_TV		00:08:34.032	514.032	00:08:36.143	516.143	00:00:02.111	2.111	TS
t1_TV		00:08:40.721	520.721	00:08:41.065	521.065	00:00:00.344	0.344	TNS
t1_TV		00:08:41.082	521.082	00:08:41.944	521.944	00:00:00.862	0.862	TS
t1_TV		00:08:42.643	522.643	00:08:44.710	524.71	00:00:02.067	2.067	TS
t1_TV		00:08:45.643	525.643	00:08:47.421	527.421	00:00:01.778	1.778	TS
t1_TV		00:08:49.432	529.432	00:08:52.888	532.888	00:00:03.456	3.456	TS
t1_TV		00:08:54.177	534.177	00:08:55.521	535.521	00:00:01.344	1.344	TS
t1_TV		00:08:57.143	537.143	00:08:57.698	537.698	00:00:00.555	0.555	TNS
t1_TV		00:09:00.487	540.487	00:09:01.032	541.032	00:00:00.545	0.545	TS
t1_TV		00:09:01.787	541.787	00:09:03.955	543.955	00:00:02.168	2.168	TS
t1_TV		00:09:05.855	545.855	00:09:10.699	550.699	00:00:04.844	4.844	TS
t1_TV		00:09:12.065	552.065	00:09:12.399	552.399	00:00:00.334	0.334	TNS
t1_TV		00:09:14.832	554.832	00:09:24.744	564.744	00:00:09.912	9.912	TS
t1_TV		00:09:25.643	565.643	00:09:26.121	566.121	00:00:00.478	0.478	TS
t1_TV		00:09:27.443	567.443	00:09:28.232	568.232	00:00:00.789	0.789	TNS
t1_TV		00:09:28.232	568.232	00:09:29.932	569.932	00:00:01.700	1.7	TS
t1_TV		00:09:33.499	573.499	00:09:36.588	576.588	00:00:03.089	3.089	TS
t1_TV		00:09:46.477	586.477	00:09:47.277	587.277	00:00:00.800	0.8	TNS
t1_TV		00:09:47.277	587.277	00:09:47.788	587.788	00:00:00.511	0.511	TS
t1_TV		00:09:50.077	590.077	00:09:50.488	590.488	00:00:00.411	0.411	TNS
t1_TV		00:09:50.555	590.555	00:09:51.199	591.199	00:00:00.644	0.644	TS
t1_TV		00:09:51.877	591.877	00:09:52.576	592.576	00:00:00.699	0.699	TNS
t1_TV		00:09:52.576	592.576	00:09:54.721	594.721	00:00:02.145	2.145	TS
t1_TV		00:09:55.066	595.066	00:09:57.177	597.177	00:00:02.111	2.111	TS
t1_TV		00:10:01.620	601.62	00:10:06.243	606.243	00:00:04.623	4.623	TS
t1_TV		00:10:08.654	608.654	00:10:10.343	610.343	00:00:01.689	1.689	TS
t1_TV		00:10:14.432	614.432	00:10:16.332	616.332	00:00:01.900	1.9	TS
t1_TV		00:10:17.666	617.666	00:10:19.643	619.643	00:00:01.977	1.977	TS
t1_TV		00:10:26.932	626.932	00:10:27.832	627.832	00:00:00.900	0.9	TNS
t1_TV		00:10:27.854	627.854	00:10:30.788	630.788	00:00:02.934	2.934	TS
t1_TV		00:10:32.210	632.21	00:10:32.576	632.576	00:00:00.366	0.366	TNS
t1_TV		00:10:32.576	632.576	00:10:33.099	633.099	00:00:00.523	0.523	TS
t1_TV		00:10:34.065	634.065	00:10:35.999	635.999	00:00:01.934	1.934	TS
t1_TV		00:10:37.777	637.777	00:10:38.343	638.343	00:00:00.566	0.566	TS
t1_TV		00:10:40.099	640.099	00:10:42.677	642.677	00:00:02.578	2.578	TS
t1_TV		00:10:51.854	651.854	00:10:52.521	652.521	00:00:00.667	0.667	TNS
t1_TV		00:10:55.299	655.299	00:10:56.977	656.977	00:00:01.678	1.678	TS
t1_TV		00:11:03.155	663.155	00:11:04.821	664.821	00:00:01.666	1.666	TS
t1_TV		00:11:05.399	665.399	00:11:06.444	666.444	00:00:01.045	1.045	TNS
t1_TV		00:11:06.444	666.444	00:11:10.044	670.044	00:00:03.600	3.6	TS
t1_TV		00:11:11.354	671.354	00:11:17.121	677.121	00:00:05.767	5.767	TS
t1_TV		00:11:19.398	679.398	00:11:22.443	682.443	00:00:03.045	3.045	TS
t1_TV		00:11:24.787	684.787	00:11:29.054	689.054	00:00:04.267	4.267	TS
t1_TV		00:11:30.265	690.265	00:11:36.087	696.087	00:00:05.822	5.822	TS
t1_TV		00:11:38.521	698.521	00:11:38.921	698.921	00:00:00.400	0.4	TNS
t1_TV		00:11:39.376	699.376	00:11:39.687	699.687	00:00:00.311	0.311	TS
t1_TV		00:11:41.187	701.187	00:11:42.154	702.154	00:00:00.967	0.967	TNS
t1_TV		00:11:43.799	703.799	00:11:45.266	705.266	00:00:01.467	1.467	TS
t1_TV		00:11:49.221	709.221	00:11:50.477	710.477	00:00:01.256	1.256	TNS
t1_TV		00:11:53.243	713.243	00:11:53.821	713.821	00:00:00.578	0.578	TNS
t1_TV		00:11:53.821	713.821	00:11:57.099	717.099	00:00:03.278	3.278	TS
t1_TV		00:11:59.220	719.22	00:12:00.999	720.999	00:00:01.779	1.779	TS
t1_TV		00:12:02.455	722.455	00:12:03.355	723.355	00:00:00.900	0.9	TS
t1_TV		00:12:03.844	723.844	00:12:08.110	728.11	00:00:04.266	4.266	TS
t1_TV		00:12:10.921	730.921	00:12:12.965	732.965	00:00:02.044	2.044	TS
t1_TV		00:12:25.465	745.465	00:12:26.032	746.032	00:00:00.567	0.567	TNS
t1_TV		00:12:26.521	746.521	00:12:27.543	747.543	00:00:01.022	1.022	TS
t1_TV		00:12:27.599	747.599	00:12:31.465	751.465	00:00:03.866	3.866	TS
t1_TV		00:12:31.732	751.732	00:12:33.354	753.354	00:00:01.622	1.622	TS
t1_TV		00:12:35.421	755.421	00:12:36.866	756.866	00:00:01.445	1.445	TS
t1_TV		00:12:37.076	757.076	00:12:39.499	759.499	00:00:02.423	2.423	TS
t1_TV		00:12:42.933	762.933	00:12:44.166	764.166	00:00:01.233	1.233	TNS
t1_TV		00:12:44.166	764.166	00:12:44.810	764.81	00:00:00.644	0.644	TS
t1_TV		00:12:46.365	766.365	00:12:48.244	768.244	00:00:01.879	1.879	TNS
t1_TV		00:12:48.266	768.266	00:12:49.433	769.433	00:00:01.167	1.167	TS
t1_TV		00:12:51.676	771.676	00:12:52.166	772.166	00:00:00.490	0.49	TS
t1_TV		00:12:52.909	772.909	00:12:55.009	775.009	00:00:02.100	2.1	TS
t1_TV		00:12:56.476	776.476	00:12:57.698	777.698	00:00:01.222	1.222	TS
t1_TV		00:12:58.377	778.377	00:12:58.955	778.955	00:00:00.578	0.578	TNS
t1_TV		00:13:00.688	780.688	00:13:01.032	781.032	00:00:00.344	0.344	TNS
t1_TV		00:13:02.766	782.766	00:13:11.343	791.343	00:00:08.577	8.577	TS
t1_TV		00:13:18.409	798.409	00:13:18.821	798.821	00:00:00.412	0.412	TS
t1_TV		00:13:19.765	799.765	00:13:21.132	801.132	00:00:01.367	1.367	TS
t1_TV		00:13:23.498	803.498	00:13:25.388	805.388	00:00:01.890	1.89	TS
t1_TV		00:13:25.766	805.766	00:13:26.088	806.088	00:00:00.322	0.322	TNS
t1_TV		00:13:27.832	807.832	00:13:33.044	813.044	00:00:05.212	5.212	TS
t1_TV		00:13:33.299	813.299	00:13:36.299	816.299	00:00:03.000	3.0	TS
t1_TV		00:13:37.744	817.744	00:13:42.277	822.277	00:00:04.533	4.533	TS
t1_TV		00:13:43.021	823.021	00:13:46.088	826.088	00:00:03.067	3.067	TS
t1_TV		00:13:47.621	827.621	00:13:48.710	828.71	00:00:01.089	1.089	TS
t1_TV		00:13:50.087	830.087	00:13:54.021	834.021	00:00:03.934	3.934	TS
t1_TV		00:13:55.665	835.665	00:13:57.276	837.276	00:00:01.611	1.611	TS
t1_TV		00:13:59.544	839.544	00:13:59.710	839.71	00:00:00.166	0.166	TNS
t1_TV		00:14:01.910	841.91	00:14:02.799	842.799	00:00:00.889	0.889	TNS
t1_TV		00:14:02.821	842.821	00:14:03.409	843.409	00:00:00.588	0.588	TS
t1_TV		00:14:06.099	846.099	00:14:06.444	846.444	00:00:00.345	0.345	TNS
t1_TV		00:14:07.655	847.655	00:14:11.066	851.066	00:00:03.411	3.411	TS
t1_TV		00:14:23.932	863.932	00:14:24.843	864.843	00:00:00.911	0.911	TS
t1_TV		00:14:29.988	869.988	00:14:31.776	871.776	00:00:01.788	1.788	TS
t1_TV		00:14:33.055	873.055	00:14:33.588	873.588	00:00:00.533	0.533	TS
t1_TV		00:14:42.988	882.988	00:14:43.655	883.655	00:00:00.667	0.667	TS
t1_TV		00:14:55.066	895.066	00:14:55.766	895.766	00:00:00.700	0.7	TS
t1_TV		00:14:58.788	898.788	00:15:01.632	901.632	00:00:02.844	2.844	TNS
t1_TV		00:15:02.110	902.11	00:15:06.921	906.921	00:00:04.811	4.811	TS
t1_TV		00:15:09.121	909.121	00:15:10.743	910.743	00:00:01.622	1.622	TS
t1_TV		00:15:18.032	918.032	00:15:19.277	919.277	00:00:01.245	1.245	TS
t1_TV		00:15:24.265	924.265	00:15:26.277	926.277	00:00:02.012	2.012	TS
t1_TV		00:15:26.910	926.91	00:15:27.966	927.966	00:00:01.056	1.056	TS
t1_TV		00:15:27.977	927.977	00:15:28.632	928.632	00:00:00.655	0.655	TNS
t1_TV		00:15:29.044	929.044	00:15:30.166	930.166	00:00:01.122	1.122	TS
t1_TV		00:15:44.921	944.921	00:15:45.677	945.677	00:00:00.756	0.756	TS
t1_TV		00:15:48.066	948.066	00:15:49.233	949.233	00:00:01.167	1.167	TS
t1_TV		00:15:49.655	949.655	00:15:53.155	953.155	00:00:03.500	3.5	TNS
t1_TV		00:15:54.254	954.254	00:15:56.999	956.999	00:00:02.745	2.745	TS
t1_TV		00:15:57.376	957.376	00:15:58.076	958.076	00:00:00.700	0.7	TS
t1_TV		00:16:01.743	961.743	00:16:03.843	963.843	00:00:02.100	2.1	TS
t1_TV		00:16:07.566	967.566	00:16:09.944	969.944	00:00:02.378	2.378	TS
t1_TV		00:16:12.921	972.921	00:16:14.198	974.198	00:00:01.277	1.277	TS
t1_TV		00:16:14.210	974.21	00:16:16.087	976.087	00:00:01.877	1.877	TNS
t1_TV		00:16:16.766	976.766	00:16:17.410	977.41	00:00:00.644	0.644	TNS
t1_TV		00:16:17.821	977.821	00:16:18.643	978.643	00:00:00.822	0.822	TS
t1_TV		00:16:22.877	982.877	00:16:25.744	985.744	00:00:02.867	2.867	TS
t1_TV		00:16:28.932	988.932	00:16:29.454	989.454	00:00:00.522	0.522	TS
t1_TV		00:16:32.588	992.588	00:16:33.810	993.81	00:00:01.222	1.222	TNS
t1_TV		00:16:33.955	993.955	00:16:34.332	994.332	00:00:00.377	0.377	TNS
t1_TV		00:16:34.332	994.332	00:16:36.410	996.41	00:00:02.078	2.078	TS
t1_TV		00:16:36.554	996.554	00:16:37.954	997.954	00:00:01.400	1.4	TNS
t1_TV		00:16:39.032	999.032	00:16:40.055	1000.055	00:00:01.023	1.023	TS
t1_TV		00:16:42.077	1002.077	00:16:44.354	1004.354	00:00:02.277	2.277	TS
t1_TV		00:16:45.688	1005.688	00:16:46.177	1006.177	00:00:00.489	0.489	TS
t1_TV		00:16:47.199	1007.199	00:16:48.477	1008.477	00:00:01.278	1.278	TS
t1_TV		00:16:49.055	1009.055	00:16:49.344	1009.344	00:00:00.289	0.289	TS
t1_TV		00:16:51.754	1011.754	00:16:53.221	1013.221	00:00:01.467	1.467	TS
t1_TV		00:16:55.055	1015.055	00:16:55.710	1015.71	00:00:00.655	0.655	TNS
t1_TV		00:16:56.099	1016.099	00:16:57.355	1017.355	00:00:01.256	1.256	TS
t1_TV		00:16:58.132	1018.132	00:16:59.688	1019.688	00:00:01.556	1.556	TS
t1_TV		00:17:07.843	1027.843	00:17:12.166	1032.166	00:00:04.323	4.323	TS
t1_TV		00:17:13.210	1033.21	00:17:14.177	1034.177	00:00:00.967	0.967	TS
t1_TV		00:17:14.299	1034.299	00:17:14.988	1034.988	00:00:00.689	0.689	TNS
t1_TV		00:17:18.799	1038.799	00:17:19.510	1039.51	00:00:00.711	0.711	TS
t1_TV		00:17:21.877	1041.877	00:17:25.744	1045.744	00:00:03.867	3.867	TS
t1_TV		00:17:29.621	1049.621	00:17:31.344	1051.344	00:00:01.723	1.723	TS
t1_TV		00:17:31.344	1051.344	00:17:33.654	1053.654	00:00:02.310	2.31	TS
t1_TV		00:17:34.621	1054.621	00:17:37.221	1057.221	00:00:02.600	2.6	TS
t1_TV		00:17:38.043	1058.043	00:17:39.943	1059.943	00:00:01.900	1.9	TS
t1_TV		00:17:43.488	1063.488	00:17:45.255	1065.255	00:00:01.767	1.767	TS
t1_TV		00:17:47.332	1067.332	00:17:47.865	1067.865	00:00:00.533	0.533	TNS
t1_TV		00:17:47.865	1067.865	00:17:48.977	1068.977	00:00:01.112	1.112	TS
t1_TV		00:17:50.077	1070.077	00:17:51.032	1071.032	00:00:00.955	0.955	TS
t1_TV		00:17:55.521	1075.521	00:17:56.521	1076.521	00:00:01.000	1.0	TS
t1_TV		00:17:57.377	1077.377	00:17:58.321	1078.321	00:00:00.944	0.944	TS
t1_TV		00:18:06.799	1086.799	00:18:08.965	1088.965	00:00:02.166	2.166	TS
t1_TV		00:18:09.699	1089.699	00:18:13.699	1093.699	00:00:04.000	4.0	TS
t1_TV		00:18:18.699	1098.699	00:18:20.510	1100.51	00:00:01.811	1.811	TS
t1_TV		00:18:21.566	1101.566	00:18:21.899	1101.899	00:00:00.333	0.333	TS
t1_TV		00:18:23.098	1103.098	00:18:23.587	1103.587	00:00:00.489	0.489	TS
t1_TV		00:18:25.855	1105.855	00:18:30.088	1110.088	00:00:04.233	4.233	TS
t1_TV		00:18:30.533	1110.533	00:18:30.944	1110.944	00:00:00.411	0.411	TNS
t1_TV		00:18:31.932	1111.932	00:18:33.188	1113.188	00:00:01.256	1.256	TS
t1_TV		00:18:33.188	1113.188	00:18:33.499	1113.499	00:00:00.311	0.311	TNS
t1_TV		00:18:34.665	1114.665	00:18:36.921	1116.921	00:00:02.256	2.256	TS
t1_TV		00:18:37.221	1117.221	00:18:39.655	1119.655	00:00:02.434	2.434	TS
t1_TV		00:18:42.099	1122.099	00:18:45.333	1125.333	00:00:03.234	3.234	TS
t1_TV		00:18:48.266	1128.266	00:18:50.755	1130.755	00:00:02.489	2.489	TS
t1_TV		00:18:56.221	1136.221	00:18:56.588	1136.588	00:00:00.367	0.367	TS
t1_TV		00:19:02.688	1142.688	00:19:02.910	1142.91	00:00:00.222	0.222	TNS
t1_TV		00:19:03.065	1143.065	00:19:06.243	1146.243	00:00:03.178	3.178	TS
t1_TV		00:19:06.510	1146.51	00:19:06.976	1146.976	00:00:00.466	0.466	TS
t1_TV		00:19:07.610	1147.61	00:19:11.866	1151.866	00:00:04.256	4.256	TS
t1_TV		00:19:13.321	1153.321	00:19:13.676	1153.676	00:00:00.355	0.355	TS
t1_TV		00:19:14.254	1154.254	00:19:14.554	1154.554	00:00:00.300	0.3	TS
t1_TV		00:19:15.676	1155.676	00:19:16.010	1156.01	00:00:00.334	0.334	TS
t1_TV		00:19:18.721	1158.721	00:19:19.044	1159.044	00:00:00.323	0.323	TS
t1_TV		00:19:19.643	1159.643	00:19:20.487	1160.487	00:00:00.844	0.844	TS
t1_TV		00:19:33.421	1173.421	00:19:34.321	1174.321	00:00:00.900	0.9	TS
t1_TV		00:19:38.054	1178.054	00:19:38.365	1178.365	00:00:00.311	0.311	TS
t1_TV		00:19:41.532	1181.532	00:19:42.566	1182.566	00:00:01.034	1.034	TS
t1_TV		00:19:43.021	1183.021	00:19:45.143	1185.143	00:00:02.122	2.122	TS
t1_TV		00:19:48.865	1188.865	00:19:55.066	1195.066	00:00:06.201	6.201	TS
t1_TV		00:19:57.632	1197.632	00:19:59.677	1199.677	00:00:02.045	2.045	TS
t1_TV		00:20:00.688	1200.688	00:20:05.110	1205.11	00:00:04.422	4.422	TS
t1_TV		00:20:29.088	1229.088	00:20:29.343	1229.343	00:00:00.255	0.255	TS
t1_TV		00:20:30.632	1230.632	00:20:31.044	1231.044	00:00:00.412	0.412	TS
t4_TP		00:04:11.336	251.336	00:04:17.438	257.438	00:00:06.102	6.102	TST
t4_TP		00:04:17.938	257.938	00:05:48.938	348.938	00:01:31.000	91.0	THO
t4_TP		00:05:49.563	349.563	00:05:55.063	355.063	00:00:05.500	5.5	TST
t4_TP		00:05:55.938	355.938	00:18:40.663	1120.663	00:12:44.725	764.725	TSI
t4_TP		00:18:41.313	1121.313	00:20:30.688	1230.688	00:01:49.375	109.375	TST
t4_TI		00:05:00.810	300.81	00:05:02.914	302.914	00:00:02.104	2.104	C
t4_TI		00:05:56.232	356.232	00:06:35.688	395.688	00:00:39.456	39.456	C
t4_TI		00:06:40.443	400.443	00:08:51.771	531.771	00:02:11.328	131.328	C
t4_TI		00:09:06.265	546.265	00:09:16.771	556.771	00:00:10.506	10.506	C
t4_TI		00:09:28.788	568.788	00:09:39.688	579.688	00:00:10.900	10.9	C
t4_TI		00:09:47.898	587.898	00:09:56.372	596.372	00:00:08.474	8.474	C
t4_TI		00:10:23.376	623.376	00:10:28.836	628.836	00:00:05.460	5.46	C
t4_TI		00:10:48.154	648.154	00:11:12.109	672.109	00:00:23.955	23.955	C
t4_TI		00:11:36.221	696.221	00:11:40.032	700.032	00:00:03.811	3.811	C
t4_TI		00:12:14.510	734.51	00:13:03.233	783.233	00:00:48.723	48.723	C
t4_TI		00:13:21.077	801.077	00:13:21.866	801.866	00:00:00.789	0.789	C
t4_TI		00:13:39.833	819.833	00:13:47.635	827.635	00:00:07.802	7.802	C
t4_TI		00:13:58.188	838.188	00:14:07.638	847.638	00:00:09.450	9.45	C
t4_TI		00:14:38.555	878.555	00:14:40.763	880.763	00:00:02.208	2.208	C
t4_TI		00:15:11.826	911.826	00:16:00.438	960.438	00:00:48.612	48.612	C
t4_TI		00:16:16.109	976.109	00:16:39.056	999.056	00:00:22.947	22.947	C
t4_TI		00:16:58.755	1018.755	00:17:06.665	1026.665	00:00:07.910	7.91	C
t4_TI		00:17:21.855	1041.855	00:17:29.166	1049.166	00:00:07.311	7.311	C
t4_TI		00:17:45.899	1065.899	00:17:58.324	1078.324	00:00:12.425	12.425	C
t4_TI		00:18:16.343	1096.343	00:18:25.155	1105.155	00:00:08.812	8.812	C
t4_TI		00:18:31.955	1111.955	00:18:35.888	1115.888	00:00:03.933	3.933	C
t4_TI		00:18:42.099	1122.099	00:20:05.088	1205.088	00:01:22.989	82.989	C
t4_TI		00:20:15.888	1215.888	00:20:32.088	1232.088	00:00:16.200	16.2	C
t4_CRE		00:05:00.810	300.81	00:05:02.921	302.921	00:00:02.111	2.111	TC
t4_CRE		00:05:56.232	356.232	00:06:35.688	395.688	00:00:39.456	39.456	TC
t4_CRE		00:06:40.443	400.443	00:08:51.418	531.418	00:02:10.975	130.975	TC
t4_CRE		00:08:51.418	531.418	00:09:06.271	546.271	00:00:14.853	14.853	T
t4_CRE		00:09:28.796	568.796	00:09:35.846	575.846	00:00:07.050	7.05	TC
t4_CRE		00:10:13.978	613.978	00:10:23.373	623.373	00:00:09.395	9.395	T
t4_CRE		00:10:36.006	636.006	00:10:45.050	645.05	00:00:09.044	9.044	T
t4_CRE		00:10:48.154	648.154	00:11:12.109	672.109	00:00:23.955	23.955	TC
t4_CRE		00:12:14.510	734.51	00:13:03.233	783.233	00:00:48.723	48.723	TC
t4_CRE		00:13:45.446	825.446	00:13:52.446	832.446	00:00:07.000	7.0	T
t4_CRE		00:14:08.653	848.653	00:14:34.239	874.239	00:00:25.586	25.586	T
t4_CRE		00:14:38.555	878.555	00:14:50.343	890.343	00:00:11.788	11.788	TC
t4_CRE		00:15:11.826	911.826	00:15:51.826	951.826	00:00:40.000	40.0	TC
t4_CRE		00:15:57.101	957.101	00:16:08.791	968.791	00:00:11.690	11.69	T
t4_CRE		00:16:16.099	976.099	00:16:27.727	987.727	00:00:11.628	11.628	T
t4_CRE		00:16:30.393	990.393	00:16:32.825	992.825	00:00:02.432	2.432	T
t4_CRE		00:16:49.055	1009.055	00:16:56.466	1016.466	00:00:07.411	7.411	T
t4_CRE		00:17:01.392	1021.392	00:17:09.614	1029.614	00:00:08.222	8.222	T
t4_CRE		00:17:19.558	1039.558	00:17:23.743	1043.743	00:00:04.185	4.185	T
t4_CRE		00:17:43.488	1063.488	00:18:03.521	1083.521	00:00:20.033	20.033	TC
t4_TV		00:04:45.421	285.421	00:04:45.810	285.81	00:00:00.389	0.389	TNS
t4_TV		00:05:00.810	300.81	00:05:02.921	302.921	00:00:02.111	2.111	TS
t4_TV		00:05:28.277	328.277	00:05:28.588	328.588	00:00:00.311	0.311	TNS
t4_TV		00:05:48.243	348.243	00:05:48.599	348.599	00:00:00.356	0.356	TNS
t4_TV		00:05:56.232	356.232	00:05:57.810	357.81	00:00:01.578	1.578	TS
t4_TV		00:05:59.099	359.099	00:05:59.387	359.387	00:00:00.288	0.288	TNS
t4_TV		00:06:05.410	365.41	00:06:05.832	365.832	00:00:00.422	0.422	TNS
t4_TV		00:06:08.487	368.487	00:06:17.844	377.844	00:00:09.357	9.357	TNS
t4_TV		00:06:18.499	378.499	00:06:19.043	379.043	00:00:00.544	0.544	TS
t4_TV		00:06:20.910	380.91	00:06:21.710	381.71	00:00:00.800	0.8	TNS
t4_TV		00:06:32.643	392.643	00:06:33.621	393.621	00:00:00.978	0.978	TS
t4_TV		00:06:34.998	394.998	00:06:35.676	395.676	00:00:00.678	0.678	TS
t4_TV		00:06:44.255	404.255	00:06:45.266	405.266	00:00:01.011	1.011	TS
t4_TV		00:06:46.487	406.487	00:06:47.410	407.41	00:00:00.923	0.923	TS
t4_TV		00:06:57.676	417.676	00:06:58.321	418.321	00:00:00.645	0.645	TNS
t4_TV		00:07:00.099	420.099	00:07:02.421	422.421	00:00:02.322	2.322	TS
t4_TV		00:07:04.266	424.266	00:07:05.210	425.21	00:00:00.944	0.944	TS
t4_TV		00:07:05.832	425.832	00:07:06.266	426.266	00:00:00.434	0.434	TNS
t4_TV		00:07:25.799	445.799	00:07:26.199	446.199	00:00:00.400	0.4	TNS
t4_TV		00:07:27.177	447.177	00:07:27.499	447.499	00:00:00.322	0.322	TNS
t4_TV		00:07:27.732	447.732	00:07:27.910	447.91	00:00:00.178	0.178	TS
t4_TV		00:07:44.510	464.51	00:07:45.255	465.255	00:00:00.745	0.745	TS
t4_TV		00:07:46.699	466.699	00:07:48.254	468.254	00:00:01.555	1.555	TS
t4_TV		00:07:50.466	470.466	00:07:51.532	471.532	00:00:01.066	1.066	TS
t4_TV		00:07:53.866	473.866	00:07:54.954	474.954	00:00:01.088	1.088	TS
t4_TV		00:07:57.165	477.165	00:08:01.421	481.421	00:00:04.256	4.256	TS
t4_TV		00:08:03.088	483.088	00:08:04.688	484.688	00:00:01.600	1.6	TS
t4_TV		00:08:11.309	491.309	00:08:12.765	492.765	00:00:01.456	1.456	TS
t4_TV		00:08:19.715	499.715	00:08:21.048	501.048	00:00:01.333	1.333	TS
t4_TV		00:08:27.632	507.632	00:08:29.010	509.01	00:00:01.378	1.378	TNS
t4_TV		00:08:29.010	509.01	00:08:30.154	510.154	00:00:01.144	1.144	TS
t4_TV		00:08:30.343	510.343	00:08:31.343	511.343	00:00:01.000	1.0	TNS
t4_TV		00:08:31.854	511.854	00:08:32.621	512.621	00:00:00.767	0.767	TS
t4_TV		00:08:34.032	514.032	00:08:36.143	516.143	00:00:02.111	2.111	TS
t4_TV		00:08:36.166	516.166	00:08:36.888	516.888	00:00:00.722	0.722	TNS
t4_TV		00:08:37.998	517.998	00:08:40.710	520.71	00:00:02.712	2.712	TS
t4_TV		00:08:51.032	531.032	00:08:51.743	531.743	00:00:00.711	0.711	TS
t4_TV		00:09:06.265	546.265	00:09:07.687	547.687	00:00:01.422	1.422	TS
t4_TV		00:09:11.043	551.043	00:09:14.810	554.81	00:00:03.767	3.767	TS
t4_TV		00:09:16.031	556.031	00:09:16.731	556.731	00:00:00.700	0.7	TS
t4_TV		00:09:28.788	568.788	00:09:29.965	569.965	00:00:01.177	1.177	TS
t4_TV		00:09:35.932	575.932	00:09:36.432	576.432	00:00:00.500	0.5	TNS
t4_TV		00:09:38.821	578.821	00:09:39.621	579.621	00:00:00.800	0.8	TS
t4_TV		00:09:44.743	584.743	00:09:45.243	585.243	00:00:00.500	0.5	TNS
t4_TV		00:09:47.898	587.898	00:09:49.999	589.999	00:00:02.101	2.101	TS
t4_TV		00:09:50.798	590.798	00:09:51.332	591.332	00:00:00.534	0.534	TS
t4_TV		00:09:55.510	595.51	00:09:56.388	596.388	00:00:00.878	0.878	TS
t4_TV		00:10:07.121	607.121	00:10:07.688	607.688	00:00:00.567	0.567	TNS
t4_TV		00:10:23.376	623.376	00:10:24.277	624.277	00:00:00.901	0.901	TNS
t4_TV		00:10:27.455	627.455	00:10:28.843	628.843	00:00:01.388	1.388	TS
t4_TV		00:10:48.154	648.154	00:10:51.754	651.754	00:00:03.600	3.6	TS
t4_TV		00:11:01.021	661.021	00:11:03.432	663.432	00:00:02.411	2.411	TS
t4_TV		00:11:36.221	696.221	00:11:40.032	700.032	00:00:03.811	3.811	TS
t4_TV		00:11:58.654	718.654	00:11:59.966	719.966	00:00:01.312	1.312	TS
t4_TV		00:12:01.510	721.51	00:12:02.443	722.443	00:00:00.933	0.933	TS
t4_TV		00:12:14.510	734.51	00:12:17.366	737.366	00:00:02.856	2.856	TS
t4_TV		00:12:19.232	739.232	00:12:19.955	739.955	00:00:00.723	0.723	TS
t4_TV		00:12:22.398	742.398	00:12:23.076	743.076	00:00:00.678	0.678	TS
t4_TV		00:12:23.255	743.255	00:12:26.477	746.477	00:00:03.222	3.222	TS
t4_TV		00:12:27.566	747.566	00:12:28.121	748.121	00:00:00.555	0.555	TS
t4_TV		00:12:39.810	759.81	00:12:41.588	761.588	00:00:01.778	1.778	TS
t4_TV		00:12:42.933	762.933	00:12:44.188	764.188	00:00:01.255	1.255	TNS
t4_TV		00:12:44.799	764.799	00:12:45.943	765.943	00:00:01.144	1.144	TS
t4_TV		00:12:45.976	765.976	00:12:46.543	766.543	00:00:00.567	0.567	TNS
t4_TV		00:12:47.543	767.543	00:12:48.321	768.321	00:00:00.778	0.778	TNS
t4_TV		00:12:49.377	769.377	00:12:52.166	772.166	00:00:02.789	2.789	TS
t4_TV		00:12:52.166	772.166	00:12:52.810	772.81	00:00:00.644	0.644	TNS
t4_TV		00:12:56.232	776.232	00:12:57.643	777.643	00:00:01.411	1.411	TS
t4_TV		00:12:58.899	778.899	00:13:00.255	780.255	00:00:01.356	1.356	TS
t4_TV		00:13:00.999	780.999	00:13:03.221	783.221	00:00:02.222	2.222	TS
t4_TV		00:13:21.077	801.077	00:13:21.866	801.866	00:00:00.789	0.789	TS
t4_TV		00:13:39.833	819.833	00:13:43.032	823.032	00:00:03.199	3.199	TS
t4_TV		00:13:45.155	825.155	00:13:45.944	825.944	00:00:00.789	0.789	TS
t4_TV		00:13:47.066	827.066	00:13:47.643	827.643	00:00:00.577	0.577	TNS
t4_TV		00:13:58.165	838.165	00:13:58.410	838.41	00:00:00.245	0.245	TNS
t4_TV		00:14:02.277	842.277	00:14:02.810	842.81	00:00:00.533	0.533	TNS
t4_TV		00:14:04.888	844.888	00:14:05.888	845.888	00:00:01.000	1.0	TS
t4_TV		00:14:06.755	846.755	00:14:07.633	847.633	00:00:00.878	0.878	TNS
t4_TV		00:14:38.555	878.555	00:14:39.799	879.799	00:00:01.244	1.244	TS
t4_TV		00:14:39.899	879.899	00:14:40.766	880.766	00:00:00.867	0.867	TNS
t4_TV		00:14:45.832	885.832	00:14:46.588	886.588	00:00:00.756	0.756	TS
t4_TV		00:14:49.488	889.488	00:14:50.354	890.354	00:00:00.866	0.866	TS
t4_TV		00:14:51.777	891.777	00:14:53.610	893.61	00:00:01.833	1.833	TNS
t4_TV		00:14:54.021	894.021	00:14:55.099	895.099	00:00:01.078	1.078	TS
t4_TV		00:15:11.809	911.809	00:15:12.276	912.276	00:00:00.467	0.467	TNS
t4_TV		00:15:12.921	912.921	00:15:16.832	916.832	00:00:03.911	3.911	TS
t4_TV		00:15:18.243	918.243	00:15:19.788	919.788	00:00:01.545	1.545	TS
t4_TV		00:15:19.955	919.955	00:15:23.843	923.843	00:00:03.888	3.888	TS
t4_TV		00:15:25.321	925.321	00:15:26.799	926.799	00:00:01.478	1.478	TS
t4_TV		00:15:31.743	931.743	00:15:34.133	934.133	00:00:02.390	2.39	TS
t4_TV		00:15:37.176	937.176	00:15:38.587	938.587	00:00:01.411	1.411	TS
t4_TV		00:15:38.999	938.999	00:15:39.388	939.388	00:00:00.389	0.389	TS
t4_TV		00:15:40.410	940.41	00:15:44.688	944.688	00:00:04.278	4.278	TS
t4_TV		00:15:45.677	945.677	00:15:46.610	946.61	00:00:00.933	0.933	TS
t4_TV		00:15:52.444	952.444	00:15:54.299	954.299	00:00:01.855	1.855	TNS
t4_TV		00:15:57.099	957.099	00:16:00.432	960.432	00:00:03.333	3.333	TS
t4_TV		00:16:16.099	976.099	00:16:16.755	976.755	00:00:00.656	0.656	TS
t4_TV		00:16:17.843	977.843	00:16:19.721	979.721	00:00:01.878	1.878	TS
t4_TV		00:16:26.032	986.032	00:16:27.877	987.877	00:00:01.845	1.845	TS
t4_TV		00:16:30.188	990.188	00:16:31.655	991.655	00:00:01.467	1.467	TS
t4_TV		00:16:34.466	994.466	00:16:35.366	995.366	00:00:00.900	0.9	TS
t4_TV		00:16:38.421	998.421	00:16:39.044	999.044	00:00:00.623	0.623	TNS
t4_TV		00:16:58.755	1018.755	00:16:59.733	1019.733	00:00:00.978	0.978	TS
t4_TV		00:17:00.476	1020.476	00:17:01.432	1021.432	00:00:00.956	0.956	TS
t4_TV		00:17:01.432	1021.432	00:17:02.544	1022.544	00:00:01.112	1.112	TNS
t4_TV		00:17:03.099	1023.099	00:17:04.832	1024.832	00:00:01.733	1.733	TS
t4_TV		00:17:05.721	1025.721	00:17:06.665	1026.665	00:00:00.944	0.944	TS
t4_TV		00:17:21.877	1041.877	00:17:22.777	1042.777	00:00:00.900	0.9	TS
t4_TV		00:17:25.166	1045.166	00:17:29.166	1049.166	00:00:04.000	4.0	TS
t4_TV		00:17:45.899	1065.899	00:17:47.188	1067.188	00:00:01.289	1.289	TS
t4_TV		00:17:47.865	1067.865	00:17:48.965	1068.965	00:00:01.100	1.1	TS
t4_TV		00:17:48.965	1068.965	00:17:51.076	1071.076	00:00:02.111	2.111	TNS
t4_TV		00:17:51.255	1071.255	00:17:51.721	1071.721	00:00:00.466	0.466	TNS
t4_TV		00:17:53.066	1073.066	00:17:54.355	1074.355	00:00:01.289	1.289	TS
t4_TV		00:17:56.466	1076.466	00:17:56.854	1076.854	00:00:00.388	0.388	TNS
t4_TV		00:18:16.343	1096.343	00:18:20.810	1100.81	00:00:04.467	4.467	TS
t4_TV		00:18:21.876	1101.876	00:18:23.110	1103.11	00:00:01.234	1.234	TS
t4_TV		00:18:23.588	1103.588	00:18:25.166	1105.166	00:00:01.578	1.578	TS
t4_TV		00:18:31.932	1111.932	00:18:33.221	1113.221	00:00:01.289	1.289	TS
t4_TV		00:18:33.443	1113.443	00:18:34.154	1114.154	00:00:00.711	0.711	TS
t4_TV		00:18:34.154	1114.154	00:18:35.099	1115.099	00:00:00.945	0.945	TNS
t4_TV		00:18:35.110	1115.11	00:18:35.887	1115.887	00:00:00.777	0.777	TS
t4_TV		00:18:42.099	1122.099	00:18:48.166	1128.166	00:00:06.067	6.067	TS
t4_TV		00:18:49.288	1129.288	00:18:58.633	1138.633	00:00:09.345	9.345	TS
t4_TV		00:18:59.215	1139.215	00:18:59.693	1139.693	00:00:00.478	0.478	TS
t4_TV		00:18:59.988	1139.988	00:19:00.354	1140.354	00:00:00.366	0.366	TNS
t4_TV		00:19:03.032	1143.032	00:19:04.255	1144.255	00:00:01.223	1.223	TS
t4_TV		00:19:11.810	1151.81	00:19:15.977	1155.977	00:00:04.167	4.167	TS
t4_TV		00:19:16.932	1156.932	00:19:25.499	1165.499	00:00:08.567	8.567	TS
t4_TV		00:19:25.655	1165.655	00:19:34.977	1174.977	00:00:09.322	9.322	TS
t4_TV		00:19:35.276	1175.276	00:19:41.232	1181.232	00:00:05.956	5.956	TS
t4_TV		00:19:41.843	1181.843	00:19:42.555	1182.555	00:00:00.712	0.712	TS
t4_TV		00:19:42.999	1182.999	00:19:44.477	1184.477	00:00:01.478	1.478	TS
t4_TV		00:19:44.477	1184.477	00:19:46.143	1186.143	00:00:01.666	1.666	TNS
t4_TV		00:19:46.644	1186.644	00:19:47.232	1187.232	00:00:00.588	0.588	TNS
t4_TV		00:19:48.843	1188.843	00:19:51.332	1191.332	00:00:02.489	2.489	TS
t4_TV		00:19:54.076	1194.076	00:19:55.054	1195.054	00:00:00.978	0.978	TS
t4_TV		00:19:55.354	1195.354	00:19:57.587	1197.587	00:00:02.233	2.233	TS
t4_TV		00:20:00.688	1200.688	00:20:05.110	1205.11	00:00:04.422	4.422	TS
t4_TV		00:20:15.866	1215.866	00:20:16.921	1216.921	00:00:01.055	1.055	TS
t4_TV		00:20:22.054	1222.054	00:20:28.977	1228.977	00:00:06.923	6.923	TS
t4_TV		00:20:29.699	1229.699	00:20:30.165	1230.165	00:00:00.466	0.466	TS
t4_TV		00:20:31.277	1231.277	00:20:32.055	1232.055	00:00:00.778	0.778	TS
c12_CAO		00:04:11.336	251.336	00:05:42.930	342.93	00:01:31.594	91.594	AO
c12_CAO		00:05:50.056	350.056	00:08:51.421	531.421	00:03:01.365	181.365	AO
c12_CAO		00:09:03.526	543.526	00:09:06.580	546.58	00:00:03.054	3.054	AO
c12_CAO		00:09:20.850	560.85	00:18:25.488	1105.488	00:09:04.638	544.638	AO
c12_CAO		00:18:40.003	1120.003	00:19:38.821	1178.821	00:00:58.818	58.818	AO
c12_CAO		00:20:04.576	1204.576	00:20:32.961	1232.961	00:00:28.385	28.385	AO
c12_CAT		00:04:20.288	260.288	00:04:21.688	261.688	00:00:01.400	1.4	AT1
c12_CAT		00:04:26.178	266.178	00:04:27.278	267.278	00:00:01.100	1.1	AT1
c12_CAT		00:04:42.588	282.588	00:04:43.208	283.208	00:00:00.620	0.62	AT1
c12_CAT		00:05:09.498	309.498	00:05:11.108	311.108	00:00:01.610	1.61	AT1
c12_CAT		00:06:33.850	393.85	00:06:34.445	394.445	00:00:00.595	0.595	AT4
c12_CAT		00:07:52.066	472.066	00:07:52.985	472.985	00:00:00.919	0.919	AT4
c12_CAT		00:08:26.634	506.634	00:08:29.283	509.283	00:00:02.649	2.649	AT1
c12_CAT		00:08:34.066	514.066	00:08:34.796	514.796	00:00:00.730	0.73	AT1
c12_CAT		00:09:04.634	544.634	00:09:05.283	545.283	00:00:00.649	0.649	AT1
c12_CAT		00:09:23.050	563.05	00:09:23.731	563.731	00:00:00.681	0.681	AT1
c12_CAT		00:09:35.004	575.004	00:09:36.372	576.372	00:00:01.368	1.368	AT1
c12_CAT		00:10:02.073	602.073	00:10:02.688	602.688	00:00:00.615	0.615	AT1
c12_CAT		00:10:15.065	615.065	00:10:16.065	616.065	00:00:01.000	1.0	AT1
c12_CAT		00:10:20.485	620.485	00:10:22.244	622.244	00:00:01.759	1.759	AT1
c12_CAT		00:10:57.905	657.905	00:11:00.876	660.876	00:00:02.971	2.971	AT4
c12_CAT		00:11:07.934	667.934	00:11:08.624	668.624	00:00:00.690	0.69	AT1
c12_CAT		00:11:44.214	704.214	00:11:46.161	706.161	00:00:01.947	1.947	AT1
c12_CAT		00:13:09.804	789.804	00:13:11.163	791.163	00:00:01.359	1.359	AT1
c12_CAT		00:13:32.105	812.105	00:13:39.446	819.446	00:00:07.341	7.341	AT1
c12_CAT		00:14:09.378	849.378	00:14:11.150	851.15	00:00:01.772	1.772	AT1
c12_CAT		00:15:05.670	905.67	00:15:11.818	911.818	00:00:06.148	6.148	AT1
c12_CAT		00:15:14.033	914.033	00:15:15.240	915.24	00:00:01.207	1.207	AT4
c12_CAT		00:15:44.756	944.756	00:15:45.481	945.481	00:00:00.725	0.725	AT4
c12_CAT		00:15:48.205	948.205	00:15:51.765	951.765	00:00:03.560	3.56	AT1
c12_CAT		00:16:19.205	979.205	00:16:36.516	996.516	00:00:17.311	17.311	AT1
c12_CAT		00:16:43.806	1003.806	00:16:48.892	1008.892	00:00:05.086	5.086	AT1
c12_CAT		00:17:08.781	1028.781	00:17:10.077	1030.077	00:00:01.296	1.296	AT1
c12_CAT		00:17:38.036	1058.036	00:17:40.532	1060.532	00:00:02.496	2.496	AT1
c12_CAT		00:17:48.114	1068.114	00:17:56.147	1076.147	00:00:08.033	8.033	AT4
c12_CAT		00:18:19.595	1099.595	00:18:25.156	1105.156	00:00:05.561	5.561	AT1
c12_CAT		00:19:51.447	1191.447	00:20:02.488	1202.488	00:00:11.041	11.041	AT1
c12_CAT		00:20:21.484	1221.484	00:20:22.095	1222.095	00:00:00.611	0.611	AT4
c12_CG		00:04:11.336	251.336	00:04:26.178	266.178	00:00:14.842	14.842	GO
c12_CG		00:04:26.178	266.178	00:04:27.278	267.278	00:00:01.100	1.1	GT1
c12_CG		00:04:27.278	267.278	00:04:42.588	282.588	00:00:15.310	15.31	GO
c12_CG		00:04:42.588	282.588	00:04:43.208	283.208	00:00:00.620	0.62	GT1
c12_CG		00:04:43.208	283.208	00:05:09.488	309.488	00:00:26.280	26.28	GO
c12_CG		00:05:09.498	309.498	00:05:11.108	311.108	00:00:01.610	1.61	GT1
c12_CG		00:05:11.108	311.108	00:05:42.918	342.918	00:00:31.810	31.81	GO
c12_CG		00:05:50.039	350.039	00:05:58.174	358.174	00:00:08.135	8.135	GO
c12_CG		00:05:59.688	359.688	00:06:33.850	393.85	00:00:34.162	34.162	GO
c12_CG		00:06:33.850	393.85	00:06:34.445	394.445	00:00:00.595	0.595	GT4
c12_CG		00:06:34.445	394.445	00:07:52.066	472.066	00:01:17.621	77.621	GO
c12_CG		00:07:52.066	472.066	00:07:52.985	472.985	00:00:00.919	0.919	GT4
c12_CG		00:07:52.985	472.985	00:08:26.634	506.634	00:00:33.649	33.649	GO
c12_CG		00:08:26.634	506.634	00:08:29.283	509.283	00:00:02.649	2.649	GT1
c12_CG		00:08:29.283	509.283	00:08:34.066	514.066	00:00:04.783	4.783	GO
c12_CG		00:08:34.066	514.066	00:08:34.796	514.796	00:00:00.730	0.73	GT1
c12_CG		00:08:34.796	514.796	00:08:51.445	531.445	00:00:16.649	16.649	GO
c12_CG		00:09:03.526	543.526	00:09:04.634	544.634	00:00:01.108	1.108	GO
c12_CG		00:09:04.634	544.634	00:09:05.283	545.283	00:00:00.649	0.649	GT1
c12_CG		00:09:05.283	545.283	00:09:06.580	546.58	00:00:01.297	1.297	GO
c12_CG		00:09:20.850	560.85	00:09:23.050	563.05	00:00:02.200	2.2	GO
c12_CG		00:09:23.050	563.05	00:09:23.731	563.731	00:00:00.681	0.681	GT1
c12_CG		00:09:23.731	563.731	00:09:35.004	575.004	00:00:11.273	11.273	GO
c12_CG		00:09:35.004	575.004	00:09:36.372	576.372	00:00:01.368	1.368	GT1
c12_CG		00:09:36.372	576.372	00:10:02.073	602.073	00:00:25.701	25.701	GO
c12_CG		00:10:02.073	602.073	00:10:02.688	602.688	00:00:00.615	0.615	GT1
c12_CG		00:10:02.688	602.688	00:10:15.065	615.065	00:00:12.377	12.377	GO
c12_CG		00:10:15.065	615.065	00:10:16.065	616.065	00:00:01.000	1.0	GT1
c12_CG		00:10:16.065	616.065	00:10:20.485	620.485	00:00:04.420	4.42	GO
c12_CG		00:10:20.485	620.485	00:10:21.079	621.079	00:00:00.594	0.594	GT1
c12_CG		00:10:21.079	621.079	00:10:21.514	621.514	00:00:00.435	0.435	GO
c12_CG		00:10:21.514	621.514	00:10:22.239	622.239	00:00:00.725	0.725	GT1
c12_CG		00:10:22.239	622.239	00:10:57.905	657.905	00:00:35.666	35.666	GO
c12_CG		00:10:57.905	657.905	00:11:00.876	660.876	00:00:02.971	2.971	GT4
c12_CG		00:11:00.876	660.876	00:11:07.934	667.934	00:00:07.058	7.058	GO
c12_CG		00:11:07.934	667.934	00:11:08.624	668.624	00:00:00.690	0.69	GT1
c12_CG		00:11:08.624	668.624	00:11:44.214	704.214	00:00:35.590	35.59	GO
c12_CG		00:11:44.214	704.214	00:11:46.161	706.161	00:00:01.947	1.947	GT1
c12_CG		00:11:46.162	706.162	00:12:10.152	730.152	00:00:23.990	23.99	GO
c12_CG		00:12:10.152	730.152	00:12:11.094	731.094	00:00:00.942	0.942	GT1
c12_CG		00:12:11.094	731.094	00:12:47.635	767.635	00:00:36.541	36.541	GO
c12_CG		00:12:48.846	768.846	00:13:09.804	789.804	00:00:20.958	20.958	GO
c12_CG		00:13:09.804	789.804	00:13:10.514	790.514	00:00:00.710	0.71	GT1
c12_CG		00:13:10.514	790.514	00:13:52.274	832.274	00:00:41.760	41.76	GO
c12_CG		00:13:53.412	833.412	00:13:55.791	835.791	00:00:02.379	2.379	GO
c12_CG		00:13:57.860	837.86	00:14:09.378	849.378	00:00:11.518	11.518	GO
c12_CG		00:14:09.378	849.378	00:14:09.860	849.86	00:00:00.482	0.482	GT1
c12_CG		00:14:09.860	849.86	00:14:10.171	850.171	00:00:00.311	0.311	GO
c12_CG		00:14:10.171	850.171	00:14:11.171	851.171	00:00:01.000	1.0	GT1
c12_CG		00:14:11.171	851.171	00:15:14.033	914.033	00:01:02.862	62.862	GO
c12_CG		00:15:14.033	914.033	00:15:15.240	915.24	00:00:01.207	1.207	GT4
c12_CG		00:15:15.240	915.24	00:15:44.756	944.756	00:00:29.516	29.516	GO
c12_CG		00:15:44.756	944.756	00:15:45.481	945.481	00:00:00.725	0.725	GT4
c12_CG		00:15:45.481	945.481	00:15:48.205	948.205	00:00:02.724	2.724	GO
c12_CG		00:15:48.205	948.205	00:15:50.722	950.722	00:00:02.517	2.517	GT1
c12_CG		00:15:50.757	950.757	00:16:19.205	979.205	00:00:28.448	28.448	GO
c12_CG		00:16:19.205	979.205	00:16:19.895	979.895	00:00:00.690	0.69	GT1
c12_CG		00:16:19.895	979.895	00:16:24.136	984.136	00:00:04.241	4.241	GO
c12_CG		00:16:24.136	984.136	00:16:25.136	985.136	00:00:01.000	1.0	GT1
c12_CG		00:16:25.139	985.139	00:16:35.139	995.139	00:00:10.000	10.0	GO
c12_CG		00:16:35.139	995.139	00:16:36.512	996.512	00:00:01.373	1.373	GT1
c12_CG		00:16:36.512	996.512	00:16:43.806	1003.806	00:00:07.294	7.294	GO
c12_CG		00:16:43.806	1003.806	00:16:48.892	1008.892	00:00:05.086	5.086	GT1
c12_CG		00:16:48.892	1008.892	00:17:08.781	1028.781	00:00:19.889	19.889	GO
c12_CG		00:17:08.781	1028.781	00:17:10.077	1030.077	00:00:01.296	1.296	GT1
c12_CG		00:17:10.077	1030.077	00:17:48.114	1068.114	00:00:38.037	38.037	GO
c12_CG		00:17:48.114	1068.114	00:17:50.669	1070.669	00:00:02.555	2.555	GT4
c12_CG		00:17:50.670	1070.67	00:17:51.151	1071.151	00:00:00.481	0.481	GO
c12_CG		00:17:51.151	1071.151	00:17:56.151	1076.151	00:00:05.000	5.0	GT4
c12_CG		00:17:56.151	1076.151	00:18:19.595	1099.595	00:00:23.444	23.444	GO
c12_CG		00:18:19.595	1099.595	00:18:20.206	1100.206	00:00:00.611	0.611	GT4
c12_CG		00:18:20.206	1100.206	00:18:25.466	1105.466	00:00:05.260	5.26	GO
c12_CG		00:18:40.003	1120.003	00:18:49.799	1129.799	00:00:09.796	9.796	GO
c12_CG		00:18:52.132	1132.132	00:19:09.781	1149.781	00:00:17.649	17.649	GO
c12_CG		00:19:15.206	1155.206	00:19:22.910	1162.91	00:00:07.704	7.704	GO
c12_CG		00:19:26.225	1166.225	00:19:38.799	1178.799	00:00:12.574	12.574	GO
c12_CG		00:19:51.447	1191.447	00:19:53.669	1193.669	00:00:02.222	2.222	GT1
c12_CG		00:19:54.743	1194.743	00:19:55.929	1195.929	00:00:01.186	1.186	GT1
c12_CG		00:19:59.539	1199.539	00:20:02.521	1202.521	00:00:02.982	2.982	GT1
c12_CG		00:20:04.576	1204.576	00:20:21.484	1221.484	00:00:16.908	16.908	GO
c12_CG		00:20:21.484	1221.484	00:20:22.095	1222.095	00:00:00.611	0.611	GT4
c12_CG		00:20:22.095	1222.095	00:20:32.947	1232.947	00:00:10.852	10.852	GO
